coorte,n,rho_spearman,rho_coorte_base,alerta_revisao,limiar_alerta,p (APA)
2016,645,0.6160212211909745,0.6160212211909745,False,0.9,p < .001
2017,623,0.5427952855937359,0.6160212211909745,False,0.9,p < .001
2018,610,0.561151522267149,0.6160212211909745,False,0.9,p < .001
2019,562,0.43708208654879993,0.6160212211909745,False,0.9,p < .001
2020,655,0.5334827647159306,0.6160212211909745,False,0.9,p < .001
2021,607,0.533282801203552,0.6160212211909745,False,0.9,p < .001
2022,672,0.4399265979970333,0.6160212211909745,False,0.9,p < .001
2023,547,0.5454206540665474,0.6160212211909745,False,0.9,p < .001
2024,326,0.6035156504891007,0.6160212211909745,False,0.9,p < .001
