classe_codigo,classe_nome,n,pct
436,Procedimento do Juizado Especial Cível,1831,29.063492063492063
1116,Execução Fiscal,1527,24.238095238095237
12078,Cumprimento de Sentença contra a Fazenda Pública,935,14.841269841269842
156,Cumprimento de sentença,739,11.73015873015873
7,Procedimento Comum Cível,295,4.682539682539683
120,Mandado de Segurança Cível,225,3.5714285714285716
12154,Execução de Título Extrajudicial,156,2.4761904761904763
1118,Embargos à Execução Fiscal,90,1.4285714285714286
198,Apelação Cível,73,1.1587301587301588
460,Recurso Inominado Cível,63,1.0
172,Embargos à Execução,40,0.6349206349206349
279,Inquérito Policial,35,0.5555555555555556
