coorte,icp,c_barra_mm,h_barra_mm,n_movimentos,duracao_dias
2016,0.6532765097419906,0.5352822702868459,0.8362103207858208,12.0,3105.9279282407406
2017,0.6411922004840305,0.47710355247021585,0.8731125775002964,11.0,2818.073738425926
2018,0.6863881885474141,0.5443927938601032,0.8601995285096112,11.0,2435.220752314815
2019,0.6421448130917495,0.5107097898419433,0.8642776999787267,11.0,1910.1011168981481
2020,0.6701254606627477,0.5930246713054591,0.7593674030971203,16.0,1634.760625
2021,0.6797372155259516,0.5562265772607795,0.8208130443459982,11.0,1282.000949074074
2022,0.6785643348425403,0.6014958186196535,0.7879238204062256,15.0,873.9282349537037
2023,0.7318360370832871,0.6279483454937319,0.8512805739336124,12.0,512.1047453703703
2024,0.7090090186475007,0.6014958186196535,0.8858615699849833,9.0,275.5172800925926
