Variável,B,EP,IC 95% inf.,IC 95% sup.,t,p,p (APA)
Intercept,3110.853055077394,11.079810760174222,3089.1319933950804,3132.5741167597075,280.7677064539032,0.0,p < .001
C(coorte)[T.2017],-322.319753091334,5.232950634128853,-332.5785242892121,-312.0609818934559,-61.594265955652695,0.0,p < .001
C(coorte)[T.2018],-698.7875858536315,5.436643888798515,-709.4456809970823,-688.1294907101808,-128.53289642409555,0.0,p < .001
C(coorte)[T.2019],-1142.0532614224437,5.961501428630064,-1153.7402967927517,-1130.3662260521357,-191.57141453287957,0.0,p < .001
C(coorte)[T.2020],-1454.4032921539888,5.455319360021059,-1465.0979990294584,-1443.7085852785192,-266.60277724755866,0.0,p < .001
C(coorte)[T.2021],-1825.2956899924295,5.898950101848986,-1836.8600986088397,-1813.7312813760193,-309.4272130595414,0.0,p < .001
C(coorte)[T.2022],-2207.7184872860958,5.54963935339356,-2218.598100784816,-2196.8388737873756,-397.81296525802054,0.0,p < .001
C(coorte)[T.2023],-2570.3482822352894,5.995519443992067,-2582.102007139018,-2558.5945573315607,-428.71152470549646,0.0,p < .001
C(coorte)[T.2024],-2836.410156382648,6.821353537002405,-2849.782861399116,-2823.03745136618,-415.8133926055221,0.0,p < .001
icp,-8.980943348442775,9.188129511801813,-26.993518850932315,9.031632154046765,-0.9774506701181219,0.3283913405454193,p = .328
n_movimentos,0.45442841410258716,0.22097515631686745,0.02122471554572486,0.8876321126594495,2.0564683454775308,0.03978694647374238,p = .040
