processo_id,numero_processo,grau,classe_nome,assunto_nome,orgao_nome,municipio_ibge,dt_ajuizamento,dt_baixa_22,duracao_dias,pred_p10,pred_p50,pred_p90,pred_baseline,na_janela,erro_p50,faixa
TRF2_G2_50563848320244025101,50563848320244025101,G2,Apelação Cível,"Índice de 28,86% Lei 8.622/1993 e 8.627/1993",GABINETE 23,3304557,2025-06-11 13:32:56+00:00,2025-10-14 02:02:18+00:00,124.5,106.9,259.1,1234.0,283.4,True,-134.6,curto
TRF2_G2_50108613120234025118,50108613120234025118,G2,Apelação Cível,Férias,GABINETE 30,3304557,2024-12-16 15:34:43+00:00,2025-07-21 17:13:12+00:00,217.1,115.1,435.0,1003.4,283.4,True,-218.0,curto
TRF2_G2_50028310320244025108,50028310320244025108,G2,Remessa Necessária Cível,Aposentadoria por Idade (Art. 48/51),GABINETE 05,3304557,2024-10-23 13:57:54+00:00,2025-02-25 19:19:54+00:00,125.2,127.0,162.1,667.0,130.6,False,-36.9,curto
TRF2_G2_50061478520254020000,50061478520254020000,G2,Agravo de Instrumento,Registro / Porte de arma de fogo,GABINETE 16,3304557,2025-05-14 22:17:28+00:00,2025-11-25 14:30:29+00:00,194.7,73.1,124.2,183.4,203.4,False,70.4,curto
TRF2_TR_50190462920214025118,50190462920214025118,TR,Recurso Inominado Cível,FGTS/Fundo de Garantia por Tempo de Serviço,8ª Turma Recursal - Juiz Relator 3 - RJ,3304557,2025-03-24 15:48:02+00:00,2025-06-18 09:34:28+00:00,85.7,35.7,67.0,388.8,122.0,True,18.7,curto
TRF2_TR_50027479220254025002,50027479220254025002,TR,Recurso Inominado Cível,Deficiente,1ª Turma Recursal - Juiz Relator 2 - ES,3304557,2025-11-12 17:05:56+00:00,2025-12-09 12:00:46+00:00,26.8,33.8,64.4,199.5,122.0,False,-37.6,curto
TRF2_G2_50308849220224025001,50308849220224025001,G2,Apelação Cível,Auxílio por Incapacidade Temporária,GABINETE 05,3304557,2025-05-08 17:52:24+00:00,2025-12-19 02:03:13+00:00,224.3,136.5,410.1,1194.9,283.4,True,-185.7,curto
TRF2_TR_50014759120244025101,50014759120244025101,TR,Recurso Inominado Cível,Deficiente,3ª Turma Recursal - Juiz Relator 2 - RJ,3304557,2025-05-28 11:13:19+00:00,2025-07-03 14:52:59+00:00,36.2,31.4,72.9,156.0,122.0,True,-36.7,curto
TRF2_G2_50178911420244020000,50178911420244020000,G2,Agravo de Instrumento,Multas e demais Sanções,GABINETE 19,3304557,2024-12-30 18:08:28+00:00,2025-08-06 02:00:50+00:00,218.3,160.6,371.9,1170.1,203.4,True,-153.6,curto
TRF2_G2_50149770720234025110,50149770720234025110,G2,Apelação Cível,Dívida Ativa (Execução Fiscal),GABINETE 10,3304557,2025-04-29 11:36:10+00:00,2025-08-19 02:00:32+00:00,111.6,130.1,480.3,1489.6,283.4,False,-368.7,curto
TRF2_G2_50817381820214025101,50817381820214025101,G2,Apelação Cível,"Índice de 28,86% Lei 8.622/1993 e 8.627/1993",GABINETE 21,3304557,2023-06-06 18:37:37+00:00,2025-03-17 14:32:23+00:00,649.8,83.7,133.6,806.2,283.4,True,516.2,tipico
TRF2_G1_50919477520234025101,50919477520234025101,G1,Cumprimento de sentença,Dívida Ativa (Execução Fiscal),11ª Vara de Execução Fiscal do Rio de Janeiro,3304557,2023-08-30 09:35:49+00:00,2025-04-24 13:05:29+00:00,603.1,193.8,997.1,1622.9,1023.0,True,-394.0,tipico
TRF2_JE_50111014320244025002,50111014320244025002,JE,Cumprimento de Sentença contra a Fazenda Pública,Auxílio por Incapacidade Temporária,3ª Vara federal de cachoeiro de itapemirim,3304557,2024-12-13 14:17:39+00:00,2025-11-05 14:49:40+00:00,327.0,252.7,328.7,871.4,474.4,True,-1.7,tipico
TRF2_JE_50178239420234025110,50178239420234025110,JE,Cumprimento de Sentença contra a Fazenda Pública,Aposentadoria por Incapacidade Permanente,8ª Vara Federal de São João de Meriti,3305109,2023-09-18 19:51:54+00:00,2025-02-21 16:12:11+00:00,521.8,258.8,386.2,713.8,474.4,True,135.6,tipico
TRF2_G2_50102991620244020000,50102991620244020000,G2,Agravo de Instrumento,Dívida Ativa (Execução Fiscal),GABINETE 12,3304557,2024-07-25 14:42:14+00:00,2025-12-04 14:49:19+00:00,497.0,202.7,613.4,1280.9,203.4,True,-116.4,tipico
TRF2_JE_50363100820244025101,50363100820244025101,JE,Cumprimento de Sentença contra a Fazenda Pública,Incidência sobre Aposentadoria,35ª Vara Federal do Rio de Janeiro,3304557,2024-05-31 10:56:33+00:00,2025-12-15 13:37:01+00:00,563.1,297.0,471.4,957.9,474.4,True,91.7,tipico
TRF2_JE_50129402820234025103,50129402820234025103,JE,Procedimento do Juizado Especial Cível,Auxílio por Incapacidade Temporária,4ª Vara Federal de Campos,3301009,2023-12-04 10:30:16+00:00,2025-04-18 21:32:15+00:00,501.5,124.1,239.9,435.6,664.0,False,261.5,tipico
TRF2_G1_50275982920244025101,50275982920244025101,G1,Cumprimento de Sentença contra a Fazenda Pública,Isonomia/Equivalência Salarial,10ª Vara Federal do Rio de Janeiro,3304557,2024-04-29 09:35:40+00:00,2025-08-25 10:56:49+00:00,483.1,263.8,871.0,1663.7,940.8,True,-388.0,tipico
TRF2_JE_50034457820244025117,50034457820244025117,JE,Cumprimento de Sentença contra a Fazenda Pública,Auxílio por Incapacidade Temporária,2ª Vara Federal de São Gonçalo,3304904,2024-05-22 15:53:32+00:00,2025-08-29 13:23:43+00:00,463.9,348.7,471.2,778.5,474.4,True,-7.3,tipico
TRF2_JE_50000153520254025004,50000153520254025004,JE,Procedimento do Juizado Especial Cível,Auxílio por Incapacidade Temporária,Vara Federal de Linhares,3304557,2025-01-05 12:45:44+00:00,2025-09-23 14:35:43+00:00,261.1,120.0,220.7,466.3,664.0,True,40.4,tipico
TRF2_JE_50349498720234025101,50349498720234025101,JE,Procedimento do Juizado Especial Cível,FGTS/Fundo de Garantia por Tempo de Serviço,5ª Vara Federal do Rio de Janeiro,3304557,2023-04-16 20:32:13+00:00,2025-12-03 12:07:11+00:00,961.6,683.6,1357.4,1581.7,664.0,True,-395.7,longo
TRF2_G1_51203297820234025101,51203297820234025101,G1,Execução Fiscal,Metrológica,7ª Vara de Execução Fiscal do Rio de Janeiro,3304557,2023-11-18 15:59:57+00:00,2025-12-19 10:00:24+00:00,761.8,396.9,1120.6,1864.3,772.7,True,-358.9,longo
TRF2_JE_50084326520214025117,50084326520214025117,JE,Procedimento do Juizado Especial Cível,FGTS/Fundo de Garantia por Tempo de Serviço,4ª Vara Federal de São Gonçalo,3304904,2021-07-16 14:25:09+00:00,2025-02-28 16:41:02+00:00,1323.1,1186.9,1322.0,1394.0,664.0,True,1.1,longo
TRF2_JE_51231347220214025101,51231347220214025101,JE,Procedimento do Juizado Especial Cível,FGTS/Fundo de Garantia por Tempo de Serviço,5ª Vara Federal do Rio de Janeiro,3304557,2021-11-26 15:21:57+00:00,2025-03-21 16:36:44+00:00,1211.1,683.6,1357.4,1581.7,664.0,True,-146.3,longo
TRF2_G2_50011682020224025001,50011682020224025001,G2,Apelação Cível,Aposentadoria por Tempo de Contribuição (Art. 55/6),GABINETE 25,3304557,2023-03-27 17:48:50+00:00,2025-06-17 16:41:44+00:00,813.0,209.7,695.0,948.6,283.4,True,118.0,longo
TRF2_JE_51069512620214025101,51069512620214025101,JE,Procedimento do Juizado Especial Cível,FGTS/Fundo de Garantia por Tempo de Serviço,1ª Vara Federal do Rio de Janeiro,3304557,2021-10-01 15:53:06+00:00,2025-01-30 12:24:21+00:00,1216.9,643.8,1143.2,1304.1,664.0,True,73.7,longo
TRF2_G1_50094544120234025101,50094544120234025101,G1,Execução Fiscal,Conselhos Regionais e Afins (Anuidade),1ª Vara de Execução Fiscal do Rio de Janeiro,3304557,2023-02-13 17:05:58+00:00,2025-10-21 22:19:28+00:00,981.2,148.4,566.5,1407.2,772.7,True,414.7,longo
TRF2_G1_50024955920204025101,50024955920204025101,G1,Pedido de Prisão Preventiva,Incitação ao Crime,7ª Vara Federal Criminal do Rio de Janeiro,3304557,2020-01-15 19:10:57+00:00,2025-05-15 18:19:35+00:00,1947.0,78.5,486.0,1561.4,355.4,False,1460.9,longo
TRF2_G2_50114155120224025101,50114155120224025101,G2,Apelação Cível,Assédio Moral,GABINETE 21,3304557,2023-03-29 13:01:52+00:00,2025-05-22 13:18:29+00:00,785.0,81.0,203.7,1158.9,283.4,True,581.3,longo
TRF2_JE_50007259320234025111,50007259320234025111,JE,Cumprimento de sentença,FGTS/Fundo de Garantia por Tempo de Serviço,Vara Federal de Angra dos Reis,3300100,2023-04-18 14:49:26+00:00,2025-10-30 15:03:18+00:00,926.0,838.3,1208.5,1459.4,454.9,True,-282.5,longo
